{
  "shape": 64,
  "GFP": {
    "filename": "../data/MDCK_H2B_GFP_movie.tif"
  },
  "coords-0": [
    0.0,
    0.0,
    0.0,
    0.0,
    1.0,
    2.0,
    3.0,
    4.0,
    5.0,
    6.0,
    7.0,
    8.0,
    9.0,
    10.0,
    11.0,
    11.0,
    11.0,
    11.0,
    12.0,
    12.0,
    12.0,
    12.0,
    13.0,
    14.0,
    15.0,
    16.0,
    17.0,
    18.0,
    19.0,
    19.0,
    20.0,
    20.0,
    20.0,
    21.0,
    21.0,
    22.0,
    22.0,
    23.0,
    23.0,
    26.0,
    26.0,
    27.0,
    27.0,
    28.0,
    28.0,
    40.0,
    41.0,
    42.0,
    45.0,
    46.0,
    47.0,
    47.0,
    48.0,
    48.0,
    49.0,
    49.0,
    49.0,
    49.0,
    49.0,
    49.0,
    49.0,
    49.0,
    49.0,
    49.0,
    49.0,
    49.0,
    49.0,
    49.0,
    49.0,
    49.0,
    49.0,
    49.0,
    49.0,
    49.0,
    49.0,
    49.0
  ],
  "coords-1": [
    175.16492596323462,
    256.9889503027921,
    242.54941659581138,
    386.9447536656187,
    384.5381647144552,
    384.5381647144552,
    383.3348702388735,
    384.5381647144552,
    384.5381647144552,
    386.9447536656187,
    388.14804814120043,
    389.3513426167821,
    389.3513426167821,
    386.9447536656187,
    309.93390722838814,
    285.86801771675357,
    154.70891987834526,
    100.5606684771675,
    160.72539225625388,
    183.5879872923067,
    307.52731827722465,
    404.9941707993446,
    185.99457624347016,
    194.41763757254225,
    194.41763757254225,
    199.23081547486916,
    201.63740442603262,
    204.04399337719607,
    388.14804814120043,
    204.04399337719607,
    390.55463709236386,
    214.87364365743164,
    199.23081547486916,
    217.2802326085951,
    190.80775414579708,
    213.6703491818499,
    194.41763757254225,
    213.6703491818499,
    195.620932048124,
    398.97769842143595,
    388.14804814120043,
    401.38428737259943,
    384.5381647144552,
    403.79087632376286,
    385.74145919003695,
    148.6924475004366,
    152.3023309271818,
    146.28585854927314,
    135.4562082690376,
    134.2529137934559,
    124.62655798880205,
    142.67597512252797,
    124.62655798880205,
    145.08256407369143,
    125.82985246438378,
    143.8792695981097,
    35.5827667957542,
    87.3244292457685,
    302.71414037489774,
    388.14804814120043,
    178.7748093899798,
    89.73101819693196,
    23.549822039936927,
    208.857171279523,
    329.18661883769573,
    427.8567658353974,
    336.40638569118613,
    287.0713121923353,
    445.90618296912334,
    341.21956359351304,
    3.0938159550475572,
    25.956410991100384,
    406.19746527492634,
    1.8905214794658294,
    65.6651286852974,
    283.4614287655901
  ],
  "coords-2": [
    323.56587713959993,
    256.1813865070232,
    384.93389539426806,
    110.58275496163414,
    111.78604943721587,
    115.39593286396105,
    111.78604943721587,
    112.9893439127976,
    116.59922733954278,
    116.59922733954278,
    111.78604943721587,
    109.37946048605241,
    105.76957705930722,
    105.76957705930722,
    190.00019035002816,
    229.70890804422518,
    344.02188322448933,
    549.7852385489648,
    437.87885231986405,
    152.6980616069946,
    191.2034848256099,
    299.49998762796537,
    479.9941589652245,
    473.97768658731593,
    473.97768658731593,
    467.9612142094073,
    465.5546252582438,
    463.14803630708036,
    103.36298810814378,
    460.7414473559169,
    105.76957705930722,
    442.69203022219097,
    470.3678031605707,
    441.4887357466093,
    473.97768658731593,
    440.28544127102754,
    472.7743921117342,
    440.28544127102754,
    472.7743921117342,
    92.53333782790823,
    131.03876104652352,
    92.53333782790823,
    138.2585279000139,
    93.73663230348996,
    139.4618223755956,
    329.5823495175086,
    325.9724660907634,
    325.9724660907634,
    316.3461102861096,
    318.752699237273,
    289.87363182331154,
    333.19223294425376,
    292.280220774475,
    341.61529427332584,
    294.68680972563845,
    345.225177700071,
    389.747073296595,
    55.23120908487467,
    51.621325658129486,
    467.9612142094073,
    559.4115943536186,
    471.57109763615244,
    215.26937433724444,
    48.0114422313843,
    170.74747874072054,
    223.69243566631656,
    380.12071749194115,
    525.7193490373302,
    526.9226435129119,
    596.7137230966521,
    597.9170175722338,
    100.95639915698032,
    19.132374817422836,
    2.2862521592786496,
    299.49998762796537,
    446.3019136489362
  ],
  "labels": [
    "Interphase",
    "Interphase",
    "Interphase",
    "Prometaphase",
    "Prometaphase",
    "Prometaphase",
    "Prometaphase",
    "Prometaphase",
    "Prometaphase",
    "Prometaphase",
    "Prometaphase",
    "Prometaphase",
    "Prometaphase",
    "Prometaphase",
    "Interphase",
    "Interphase",
    "Interphase",
    "Interphase",
    "Interphase",
    "Interphase",
    "Interphase",
    "Interphase",
    "Prometaphase",
    "Prometaphase",
    "Prometaphase",
    "Metaphase",
    "Metaphase",
    "Metaphase",
    "Metaphase",
    "Metaphase",
    "Metaphase",
    "Anaphase",
    "Anaphase",
    "Anaphase",
    "Anaphase",
    "Anaphase",
    "Anaphase",
    "Anaphase",
    "Anaphase",
    "Anaphase",
    "Anaphase",
    "Anaphase",
    "Anaphase",
    "Anaphase",
    "Anaphase",
    "Prometaphase",
    "Prometaphase",
    "Prometaphase",
    "Metaphase",
    "Metaphase",
    "Anaphase",
    "Anaphase",
    "Anaphase",
    "Anaphase",
    "Anaphase",
    "Anaphase",
    "Apoptosis",
    "Apoptosis",
    "Apoptosis",
    "Apoptosis",
    "Apoptosis",
    "Apoptosis",
    "Apoptosis",
    "Apoptosis",
    "Apoptosis",
    "Apoptosis",
    "Apoptosis",
    "Apoptosis",
    "Apoptosis",
    "Apoptosis",
    "Apoptosis",
    "Apoptosis",
    "Apoptosis",
    "Apoptosis",
    "Apoptosis",
    "Apoptosis"
  ],
  "states": {
    "Interphase": 0,
    "Prometaphase": 1,
    "Metaphase": 2,
    "Anaphase": 3,
    "Apoptosis": 4
  }
}