{
  "shape": 64,
  "GFP": {
    "filename": "../MDCK_H2B_GFP_movie.tif"
  },
  "coords-0": [
    0.0,
    0.0,
    0.0,
    0.0,
    0.0
  ],
  "coords-1": [
    71.68160106320603,
    236.53294421790272,
    44.0058281248263,
    249.76918344930172,
    386.9447536656187
  ],
  "coords-2": [
    73.28062621860059,
    55.23120908487467,
    334.3955274198355,
    557.0050054024551,
    413.81296280822954
  ],
  "labels": [
    "Apoptosis",
    "Apoptosis",
    "Apoptosis",
    "Apoptosis",
    "Apoptosis"
  ]
}