{
  "shape": 64,
  "GFP": {
    "filename": "../MDCK_H2B_GFP_movie.tif"
  },
  "coords-0": [
    0.0,
    0.0,
    0.0,
    0.0,
    0.0,
    0.0,
    0.0,
    0.0,
    0.0,
    0.0,
    0.0,
    0.0,
    0.0,
    0.0,
    0.0,
    0.0,
    0.0,
    0.0,
    0.0,
    1.0,
    2.0,
    3.0,
    4.0,
    5.0,
    6.0,
    7.0,
    8.0,
    9.0,
    10.0,
    11.0,
    12.0,
    12.0,
    13.0,
    13.0,
    14.0,
    14.0,
    15.0,
    15.0,
    16.0,
    16.0,
    17.0,
    17.0,
    18.0,
    18.0,
    19.0,
    19.0,
    20.0,
    20.0,
    20.0,
    21.0,
    21.0,
    21.0,
    22.0,
    22.0,
    22.0,
    23.0,
    23.0,
    23.0,
    24.0,
    24.0,
    24.0,
    25.0,
    26.0,
    26.0,
    27.0,
    27.0,
    28.0,
    28.0,
    29.0,
    29.0,
    40.0,
    41.0,
    42.0,
    43.0,
    44.0,
    45.0,
    46.0,
    47.0,
    47.0,
    48.0,
    48.0,
    49.0,
    49.0
  ],
  "coords-1": [
    121.0713325160797,
    117.4045717974939,
    176.07274329486674,
    207.2402094028461,
    297.9925371878447,
    302.57598808607696,
    257.65816928340087,
    276.9086630559763,
    222.82394245683574,
    178.8228138338061,
    136.65506557006938,
    173.3226727559274,
    102.73752892315069,
    216.40711119931058,
    241.15774604976477,
    288.8256353913802,
    341.99366581087435,
    377.7445828170859,
    384.16141407461106,
    383.24472389496464,
    386.91148461355044,
    383.24472389496464,
    383.24472389496464,
    381.41134353567173,
    387.82817479319687,
    387.82817479319687,
    389.66155515248977,
    386.91148461355044,
    385.99479443390396,
    388.74486497284335,
    386.91148461355044,
    183.40626473203835,
    186.1563352709777,
    389.66155515248977,
    191.65647634885642,
    393.3283158710756,
    197.15661742673512,
    393.3283158710756,
    390.57824533213625,
    196.23992724708867,
    201.74006832496738,
    386.91148461355044,
    387.82817479319687,
    202.65675850461383,
    390.57824533213625,
    208.15689958249254,
    389.66155515248977,
    213.65704066037122,
    199.90668796567448,
    392.41162569142915,
    218.24049155860348,
    189.8230959895635,
    192.57316652850287,
    210.90697012143187,
    390.57824533213625,
    391.49493551178267,
    212.74035048072477,
    194.40654688779577,
    395.1616962303685,
    217.32380137895703,
    199.90668796567448,
    395.1616962303685,
    396.9950765896614,
    385.99479443390396,
    400.6618373082472,
    384.16141407461106,
    400.6618373082472,
    385.07810425425754,
    407.0786685657723,
    388.74486497284335,
    145.82196736653387,
    148.57203790547322,
    143.98858700724097,
    139.40513610900874,
    139.40513610900874,
    135.73837539042293,
    133.90499503113003,
    124.73809323466551,
    144.90527718688742,
    123.82140305501906,
    144.90527718688742,
    123.82140305501906,
    145.82196736653387
  ],
  "coords-2": [
    177.5322032386935,
    210.53304970596574,
    221.53333186172313,
    185.78241485551155,
    199.53276755020832,
    249.9507274307631,
    254.53417832899535,
    296.7019265927321,
    324.20263198212564,
    325.11932216177206,
    398.4545365334881,
    442.45566515651774,
    527.7078518636376,
    403.0379874317204,
    382.8708034794985,
    357.20347844939783,
    269.20122120333855,
    262.7843899458134,
    109.69712994485614,
    111.53051030414905,
    116.1139612023813,
    111.53051030414905,
    111.53051030414905,
    115.19727102273485,
    114.2805808430884,
    113.36389066344195,
    108.78043976520969,
    106.94705940591679,
    108.78043976520969,
    107.86374958556324,
    106.94705940591679,
    491.9569348574261,
    479.1232723423758,
    103.28029868733098,
    471.7897509052042,
    104.19698886697743,
    474.53982144414357,
    99.61353796874519,
    101.44691832803808,
    468.1229901866184,
    466.2896098273255,
    101.44691832803808,
    105.11367904662389,
    464.4562294680326,
    102.36360850768453,
    461.70615892909325,
    104.19698886697743,
    441.5389749768713,
    469.03968036626486,
    106.03036922627034,
    440.62228479722484,
    473.6231312644971,
    472.70644108485067,
    440.62228479722484,
    106.03036922627034,
    106.03036922627034,
    436.9555240786391,
    470.87306072555776,
    100.53022814839163,
    437.8722142582855,
    473.6231312644971,
    107.86374958556324,
    91.36332635192713,
    129.86431389707806,
    90.44663617228068,
    138.11452551389613,
    94.11339689086648,
    140.86459605283548,
    91.36332635192713,
    139.03121569354258,
    328.78608288035787,
    327.86939270071144,
    326.03601234141854,
    326.03601234141854,
    321.45256144318626,
    318.70249090424693,
    317.78580072460045,
    291.2017855148534,
    333.36953377859015,
    293.0351658741463,
    339.7863650361153,
    293.95185605379277,
    343.4531257547011
  ],
  "labels": [
    "Interphase",
    "Interphase",
    "Interphase",
    "Interphase",
    "Interphase",
    "Interphase",
    "Interphase",
    "Interphase",
    "Interphase",
    "Interphase",
    "Interphase",
    "Interphase",
    "Interphase",
    "Interphase",
    "Interphase",
    "Interphase",
    "Interphase",
    "Interphase",
    "Prometaphase",
    "Prometaphase",
    "Prometaphase",
    "Prometaphase",
    "Prometaphase",
    "Prometaphase",
    "Prometaphase",
    "Prometaphase",
    "Prometaphase",
    "Prometaphase",
    "Prometaphase",
    "Prometaphase",
    "Prometaphase",
    "Prometaphase",
    "Prometaphase",
    "Prometaphase",
    "Prometaphase",
    "Prometaphase",
    "Prometaphase",
    "Prometaphase",
    "Prometaphase",
    "Metaphase",
    "Metaphase",
    "Prometaphase",
    "Prometaphase",
    "Metaphase",
    "Metaphase",
    "Metaphase",
    "Metaphase",
    "Anaphase",
    "Anaphase",
    "Metaphase",
    "Anaphase",
    "Anaphase",
    "Anaphase",
    "Anaphase",
    "Metaphase",
    "Metaphase",
    "Anaphase",
    "Anaphase",
    "Metaphase",
    "Anaphase",
    "Anaphase",
    "Metaphase",
    "Anaphase",
    "Anaphase",
    "Anaphase",
    "Anaphase",
    "Anaphase",
    "Anaphase",
    "Anaphase",
    "Anaphase",
    "Prometaphase",
    "Prometaphase",
    "Prometaphase",
    "Prometaphase",
    "Prometaphase",
    "Metaphase",
    "Metaphase",
    "Anaphase",
    "Anaphase",
    "Anaphase",
    "Anaphase",
    "Anaphase",
    "Anaphase"
  ]
}