{
  "shape": 64,
  "GFP": {
    "filename": "../MDCK_H2B_GFP_movie.tif"
  },
  "coords-0": [
    0.0,
    0.0,
    0.0,
    0.0,
    0.0,
    0.0,
    0.0,
    1.0,
    2.0,
    3.0,
    4.0,
    5.0,
    16.0,
    17.0,
    18.0,
    19.0,
    19.0,
    20.0,
    20.0,
    21.0,
    21.0,
    22.0,
    22.0,
    23.0,
    23.0,
    24.0,
    24.0,
    24.0,
    24.0,
    24.0,
    24.0
  ],
  "coords-1": [
    177.57151491439808,
    226.9065884132489,
    217.2802326085951,
    243.7527110713931,
    288.274606667917,
    277.4449563876815,
    385.74145919003695,
    385.74145919003695,
    384.5381647144552,
    386.9447536656187,
    385.74145919003695,
    389.3513426167821,
    198.02752099928745,
    202.84069890161436,
    204.04399337719607,
    205.24728785277782,
    390.55463709236386,
    213.6703491818499,
    198.02752099928745,
    217.2802326085951,
    189.60445967021536,
    213.6703491818499,
    192.0110486213788,
    214.87364365743164,
    193.21434309696053,
    266.6153061074459,
    72.88489553878776,
    370.0986310074745,
    219.68682155975853,
    33.17617784459075,
    376.1151033853831
  ],
  "coords-2": [
    324.7691716151817,
    319.95599371285476,
    407.7964904303209,
    382.5273064431046,
    356.0548279803066,
    293.48351525005677,
    111.78604943721587,
    111.78604943721587,
    119.00581629070624,
    111.78604943721587,
    109.37946048605241,
    121.41240524186969,
    467.9612142094073,
    467.9612142094073,
    464.3513307826621,
    460.7414473559169,
    103.36298810814378,
    441.4887357466093,
    469.164508684989,
    441.4887357466093,
    475.1809810628976,
    439.0821467954458,
    471.57109763615244,
    436.67555784428237,
    470.3678031605707,
    76.89050964534577,
    283.85715944540294,
    396.9668401500853,
    566.631361207109,
    72.07733174301886,
    537.7522937931475
  ],
  "labels": [
    "Interphase",
    "Interphase",
    "Interphase",
    "Interphase",
    "Interphase",
    "Interphase",
    "Prometaphase",
    "Prometaphase",
    "Prometaphase",
    "Prometaphase",
    "Prometaphase",
    "Prometaphase",
    "Metaphase",
    "Metaphase",
    "Metaphase",
    "Metaphase",
    "Metaphase",
    "Anaphase",
    "Anaphase",
    "Anaphase",
    "Anaphase",
    "Anaphase",
    "Anaphase",
    "Anaphase",
    "Anaphase",
    "Apoptosis",
    "Apoptosis",
    "Apoptosis",
    "Apoptosis",
    "Apoptosis",
    "Apoptosis"
  ]
}